City,Cloudiness,Country,Date,Humidity,Latitude,Longitude,Max Temp,Wind Speed
Mataura,6,NZ,1582528110,62,-46.19,168.86,64.0,7.0
Korla,75,CN,1582528111,34,41.76,86.15,36.52,3.65
East London,15,ZA,1582528112,72,-33.02,27.91,66.2,3.36
Raub,57,MY,1582528114,54,3.79,101.86,87.8,4.12
Mar del Plata,0,AR,1582528004,93,-38.0,-57.56,64.0,13.87
Busselton,99,AU,1582528013,41,-33.65,115.33,75.0,13.78
Kapaa,40,US,1582528118,69,22.08,-159.32,75.2,5.82
Pevek,14,RU,1582528119,92,69.7,170.31,-21.39,8.08
Ubari,0,LY,1582528121,67,26.59,12.78,43.68,3.53
Rikitea,7,PF,1582528122,71,-23.12,-134.97,79.81,6.71
Garoowe,84,SO,1582528124,55,8.41,48.48,73.87,12.82
Butaritari,68,KI,1582528126,84,3.07,172.79,82.06,26.22
Ushuaia,75,AR,1582528095,70,-54.8,-68.3,42.8,12.75
Belmonte,75,BR,1582528128,88,-15.86,-38.88,75.2,5.82
Karaton,75,ID,1582528130,66,-6.34,106.1,87.8,17.22
Barrow,75,US,1582528131,75,71.29,-156.79,-18.4,12.75
Hilo,90,US,1582528133,73,19.73,-155.09,73.4,3.36
Muros,0,ES,1582528134,80,42.78,-9.06,52.0,3.36
Luderitz,0,NA,1582528136,73,-26.65,15.16,67.05,15.17
Litovko,100,RU,1582528137,84,49.24,135.17,19.74,3.65
Kapoeta,32,SS,1582528139,26,4.77,33.59,90.34,9.66
Sur,47,OM,1582528140,41,22.57,59.53,80.22,4.25
Upernavik,16,GL,1582528142,87,72.79,-56.15,-20.83,4.12
Constitucion,74,CL,1582528143,94,-35.33,-72.42,51.46,5.12
Qaanaaq,0,GL,1582528145,54,77.48,-69.36,-16.91,5.46
Nan,8,TH,1582528146,38,18.83,100.67,87.8,5.82
Cao Bang,84,VN,1582528147,64,22.67,106.25,70.45,6.6
Nikolskoye,90,RU,1582528149,93,59.7,30.79,35.6,11.18
Kavieng,12,PG,1582528150,73,-2.57,150.8,84.65,12.64
Port Alfred,0,ZA,1582528152,79,-33.59,26.89,68.0,1.99
Prince Rupert,75,CA,1582528153,86,54.32,-130.32,33.8,12.75
Yellowknife,5,CA,1582528155,69,62.46,-114.35,-11.0,5.82
San Andres,40,CO,1582528156,88,12.58,-81.7,75.2,9.17
George Town,20,MY,1582528011,59,5.41,100.34,91.4,12.75
Puerto Ayora,88,EC,1582528159,100,-0.74,-90.35,77.0,4.68
Boende,100,CD,1582528160,91,-0.22,20.87,74.62,3.87
Bluff,25,NZ,1582528162,62,-46.6,168.33,64.0,7.0
Dunedin,43,NZ,1582527954,78,-45.87,170.5,61.0,11.72
Hobart,75,AU,1582528080,60,-42.88,147.33,70.0,13.87
Cape Town,0,ZA,1582528166,59,-33.93,18.42,73.0,12.75
Jamestown,1,US,1582527876,44,42.1,-79.24,44.6,11.41
Saskylakh,88,RU,1582528169,92,71.92,114.08,12.9,11.07
Airai,58,TL,1582528170,69,-8.93,125.41,79.25,1.83
Yuancheng,99,CN,1582528172,35,36.65,107.79,47.16,11.65
Jiutai,27,CN,1582528173,31,44.15,125.83,35.6,4.47
Kalmunai,100,LK,1582528175,81,7.42,81.82,80.76,16.13
Golynki,94,RU,1582528176,88,54.87,31.39,31.68,8.55
Mengyin,100,CN,1582528177,96,35.71,117.93,44.35,4.56
Dikson,100,RU,1582528179,90,73.51,80.55,22.77,26.11
Kenai,1,US,1582528180,84,60.55,-151.26,0.0,6.89
Lodja,100,CD,1582528182,96,-3.48,23.43,71.8,0.98
Narsaq,100,GL,1582528183,79,60.92,-46.05,21.2,2.24
Te Anau,10,NZ,1582528043,66,-45.42,167.72,58.64,9.26
Guerrero Negro,98,MX,1582528186,82,27.98,-114.06,58.59,16.35
Coahuayana Viejo,0,MX,1582528188,75,18.73,-103.68,70.11,1.41
Punta Arenas,75,CL,1582528189,65,-53.15,-70.92,46.4,20.8
Bethel,75,US,1582528191,47,41.37,-73.41,44.01,3.56
Atuona,18,PF,1582528192,79,-9.8,-139.03,81.23,14.52
Avarua,100,CK,1582528193,100,-21.21,-159.78,77.0,1.12
Thompson,90,CA,1582528195,84,55.74,-97.86,6.8,6.93
Iqaluit,40,CA,1582528196,60,63.75,-68.51,-25.01,4.99
Moyobamba,95,PE,1582528198,98,-6.05,-76.97,66.42,1.23
Comodoro Rivadavia,100,AR,1582528199,39,-45.87,-67.5,64.4,16.11
Marrakesh,76,MA,1582528086,33,31.63,-8.01,57.2,2.24
Kanigoro,35,ID,1582528202,68,-8.13,112.22,87.31,6.49
Clyde River,90,CA,1582528203,75,70.47,-68.59,-16.6,16.11
Montceau-les-Mines,90,FR,1582528205,87,46.67,4.37,50.0,4.7
Natal,40,BR,1582528206,83,-5.79,-35.21,80.6,8.05
Vaini,75,TO,1582528208,94,-21.2,-175.2,80.6,4.7
Salta,0,AR,1582528210,100,-24.79,-65.41,59.0,2.24
Rochester,1,US,1582528047,35,43.15,-77.62,44.01,10.29
Kawalu,52,ID,1582528213,76,-7.38,108.21,81.75,4.29
Laurel,1,US,1582527996,74,39.1,-76.85,39.0,3.62
Lompoc,90,US,1582528182,87,34.64,-120.46,52.0,15.08
Henties Bay,91,NA,1582528217,93,-22.12,14.28,66.0,3.0
Oussouye,100,SN,1582528218,83,12.48,-16.55,75.2,4.7
Yenagoa,14,NG,1582528220,96,4.92,6.26,76.91,1.61
Charters Towers,100,AU,1582528221,72,-20.1,146.27,84.24,12.24
Sao Filipe,13,CV,1582528223,83,14.9,-24.5,67.05,14.56
Camacha,20,PT,1582528224,87,33.08,-16.33,64.4,11.41
Port Elizabeth,11,ZA,1582528225,64,-33.92,25.57,68.0,2.24
General Pico,0,AR,1582528227,37,-35.66,-63.76,67.26,13.06
Lata,0,PT,1582528228,93,40.16,-8.33,48.99,4.7
Albany,1,US,1582528230,79,42.6,-73.97,34.0,5.82
Tasiilaq,15,GL,1582528231,60,65.61,-37.64,8.6,1.12
Crystal Beach,1,CA,1582528233,36,42.87,-79.06,44.6,14.99
Havelock,1,US,1582528234,75,34.88,-76.9,46.99,3.91
Faanui,19,PF,1582528235,73,-16.48,-151.75,83.3,11.68
Chabahar,37,IR,1582528237,57,25.29,60.64,75.04,4.38
New Norfolk,75,AU,1582528238,60,-42.78,147.06,69.01,13.87
San Cristobal,94,VE,1582528121,97,7.77,-72.22,56.46,0.47
Rocky Mountain House,100,CA,1582528241,97,52.37,-114.92,20.62,2.77
Sobolevo,53,RU,1582528242,87,54.43,31.9,31.24,6.42
Kaitangata,46,NZ,1582528244,78,-46.28,169.85,60.01,8.9
Eureka,40,US,1582528008,87,40.8,-124.16,46.4,3.47
Eirunepe,100,BR,1582528247,96,-6.66,-69.87,72.16,1.63
Bambous Virieux,40,MU,1582528249,74,-20.34,57.76,84.2,3.36
Beloha,81,MG,1582528251,84,-25.17,45.05,77.31,2.89
Lebu,23,CL,1582528252,98,-37.62,-73.65,53.53,4.29
Bubaque,93,GW,1582528253,65,11.28,-15.83,80.2,7.76
Wagar,17,SD,1582528255,75,16.15,36.2,70.36,15.46
Kodiak,1,US,1582528256,45,57.79,-152.41,24.8,11.41
Chokurdakh,56,RU,1582528258,98,70.63,147.92,-23.26,3.51
Chui,43,UY,1582528259,80,-33.7,-53.46,63.19,9.06
Geraldton,0,AU,1582528260,62,-28.77,114.6,84.2,19.46
Ola,3,RU,1582528262,84,59.58,151.28,-0.09,2.46
Namtsy,97,RU,1582528263,76,62.72,129.67,-4.0,4.47
Sitka,90,US,1582528131,74,57.05,-135.33,30.2,5.82
Morgan City,1,US,1582528266,93,29.7,-91.21,57.2,5.82
Mahebourg,40,MU,1582528268,66,-20.41,57.7,86.0,5.82
Berlevag,90,NO,1582528269,96,70.86,29.09,32.0,1.12
Faranah,35,GN,1582528271,70,10.04,-10.74,68.18,2.95
Cairns,75,AU,1582528253,88,-16.92,145.77,80.6,5.82
Kurchum,96,KZ,1582528273,87,48.57,83.65,16.92,4.43
Leh,0,IN,1582528001,48,34.17,77.58,3.67,0.6
Sao Joao da Barra,75,BR,1582528276,83,-21.64,-41.05,70.5,8.23
Zhigansk,100,RU,1582528278,93,66.77,123.37,-3.77,15.68
Abu Dhabi,100,AE,1582528005,57,24.47,54.37,78.8,5.82
Klichka,0,RU,1582528281,73,50.45,118.0,19.17,4.54
Kerman,35,IR,1582528282,19,30.28,57.08,59.0,4.7
Tortoli,5,IT,1582528283,76,39.93,9.66,53.6,12.75
Grand Gaube,40,MU,1582528285,66,-20.01,57.66,86.0,5.82
San Luis,0,AR,1582528286,44,-33.3,-66.34,70.18,18.9
Konotop,100,UA,1582528288,97,51.24,33.2,34.59,12.64
Northam,75,GB,1582528289,87,51.03,-4.22,52.0,13.87
Bredasdorp,20,ZA,1582528182,68,-34.53,20.04,70.0,5.82
Hermanus,0,ZA,1582528292,61,-34.42,19.23,73.0,14.0
Nantucket,1,US,1582528293,86,41.28,-70.1,39.0,8.05
Holme,5,DK,1582528295,86,56.11,10.17,37.4,10.29
Arraial do Cabo,100,BR,1582528296,71,-22.97,-42.03,73.99,4.85
Talnakh,75,RU,1582528298,92,69.49,88.4,17.6,29.08
Biberach an der Riss,75,DE,1582528299,93,48.09,9.79,51.8,3.36
Salinopolis,39,BR,1582528300,82,-0.61,-47.36,81.63,13.47
Cherskiy,57,RU,1582528302,88,68.75,161.3,-25.73,3.65
Campo de Criptana,0,ES,1582528303,41,39.4,-3.12,48.99,4.88
Severo-Kuril'sk,100,RU,1582528305,95,50.68,156.12,26.11,31.97
Codrington,75,AU,1582528306,86,-38.27,141.97,62.76,13.65
Carire,94,BR,1582528308,96,-3.95,-40.47,73.96,1.48
Nome,90,US,1582528309,84,64.5,-165.41,5.0,10.29
Ponta do Sol,20,PT,1582528183,52,32.67,-17.1,64.4,23.04
Tateyama,20,JP,1582528312,47,34.98,139.87,57.99,11.41
Bambui,100,BR,1582528314,92,-20.01,-45.98,67.82,4.32
Westport,75,US,1582528114,55,41.14,-73.36,45.0,7.58
Les Cayes,2,HT,1582528316,71,18.2,-73.75,78.64,5.14
Mount Gambier,90,AU,1582528318,60,-37.83,140.77,73.4,12.75
Yerbogachen,100,RU,1582528319,85,61.28,108.01,20.01,13.98
Kloulklubed,75,PW,1582528321,66,7.04,134.26,86.0,18.34
Aykhal,40,RU,1582528294,85,66.0,111.5,14.0,6.71
Cayenne,75,GF,1582528324,88,4.93,-52.33,78.8,9.17
Rocha,42,UY,1582528326,87,-34.48,-54.33,57.15,8.93
Atar,97,MR,1582528327,23,20.52,-13.05,74.16,7.45
Torbay,20,CA,1582528329,92,47.67,-52.73,28.0,13.87
Saint-Philippe,45,RE,1582528330,66,-21.36,55.77,84.2,6.93
Sao Joao do Piaui,86,BR,1582528332,96,-8.36,-42.25,71.98,1.3
Lara,90,AU,1582528333,93,-38.02,144.4,75.99,16.11
Lagoa,89,PT,1582528335,81,39.05,-27.98,59.65,11.65
Prado,34,BR,1582528336,83,-17.34,-39.22,79.77,9.51
Pierre,1,US,1582528326,85,44.37,-100.35,27.0,4.7
Aklavik,90,CA,1582528340,83,68.22,-135.01,-5.8,2.24
Charlottesville,1,US,1582528100,84,38.03,-78.48,43.0,2.24
Senanga,100,ZM,1582528343,96,-16.12,23.27,67.32,3.24
Esperance,83,AU,1582528344,57,-33.87,121.9,78.8,21.92
Hamada,22,JP,1582528346,62,34.88,132.08,57.2,11.41
Morondava,54,MG,1582528347,79,-20.28,44.28,83.05,3.38
Yangi Marg`ilon,75,UZ,1582528349,81,40.43,71.72,50.0,4.7
Ninghai,61,CN,1582528350,44,29.29,121.42,77.0,15.66
Honningsvag,90,NO,1582528352,97,70.98,25.97,33.8,25.28
Sanbu,100,CN,1582528353,77,33.46,119.15,57.78,7.16
Aleysk,91,RU,1582528355,91,52.49,82.78,22.23,2.17
Nanortalik,100,GL,1582528356,91,60.14,-45.24,26.37,10.0
Fairbanks,1,US,1582528358,83,64.84,-147.72,-6.0,1.68
Kruisfontein,0,ZA,1582528359,65,-34.0,24.73,61.52,4.38
Pulivendla,20,IN,1582528361,40,14.42,78.23,89.6,13.87
Hualmay,49,PE,1582528362,71,-11.1,-77.61,73.83,2.13
Bonham,90,US,1582528364,93,33.58,-96.18,61.0,18.34
Ust-Nera,100,RU,1582528366,97,64.57,143.2,-20.6,2.73
Hithadhoo,39,MV,1582528367,78,-0.6,73.08,83.39,12.15
Sicamous,90,CA,1582528368,100,50.83,-118.99,32.0,1.21
Kandrian,51,PG,1582528370,86,-6.22,149.55,82.51,3.22
Chardara,71,KZ,1582528371,75,41.25,67.97,52.97,3.91
Camargo,100,MX,1582528373,28,27.67,-105.17,63.66,18.25
Katherine,40,AU,1582528374,41,-14.47,132.27,95.0,14.99
Poronaysk,30,RU,1582528375,90,49.22,143.12,14.18,4.21
Padang,0,ID,1582528377,52,-0.95,100.35,84.78,5.48
Longyearbyen,20,SJ,1582528270,70,78.22,15.64,-2.2,4.7
Souillac,40,MU,1582528380,66,-20.52,57.52,86.0,5.82
Siocon,96,PH,1582528381,79,7.71,122.14,81.1,10.2
Margate,75,GB,1582528383,100,51.38,1.39,51.01,10.29
Albion,1,US,1582528384,93,42.24,-84.75,39.99,4.7
Stratham,1,US,1582528386,80,43.02,-70.91,37.99,3.36
Taoudenni,1,ML,1582528387,15,22.68,-3.98,66.04,13.18
Akropong,8,GH,1582528389,85,5.97,-0.09,79.02,4.97
Hasaki,20,JP,1582528389,44,35.73,140.83,63.0,10.29
Netanya,20,IL,1582528096,82,32.33,34.86,59.0,1.12
Nouadhibou,82,MR,1582528393,60,20.93,-17.03,73.4,12.75
Castro,100,BR,1582528394,91,-24.79,-50.01,57.63,8.12
Altdorf,100,DE,1582528396,88,49.39,11.36,42.01,4.7
Saint Cloud,1,US,1582528397,79,45.56,-94.16,26.6,6.93
Pacific Grove,90,US,1582528385,81,36.62,-121.92,51.8,5.82
Meridian,1,US,1582528111,41,43.61,-116.39,39.2,13.87
Araouane,1,ML,1582528402,14,18.9,-3.53,72.52,17.45
Kviteseid,0,NO,1582528403,78,59.4,8.49,28.99,5.97
Tiksi,98,RU,1582528404,87,71.69,128.87,-3.64,7.31
Sharjah,99,AE,1582528406,57,25.36,55.4,80.6,5.82
Ixtapa,5,MX,1582528407,94,20.7,-105.2,71.01,4.12
Anamur,40,TR,1582528409,93,36.08,32.84,46.4,3.36
Pandamatenga,100,BW,1582528266,95,-18.53,25.63,66.07,11.97
Lermontovka,100,RU,1582528412,91,47.15,134.34,24.13,6.73
Mporokoso,100,ZM,1582528413,94,-9.37,30.12,67.91,5.95
Maceio,20,BR,1582528233,94,-9.67,-35.74,77.0,5.82
Buala,52,SB,1582528416,71,-8.14,159.59,84.47,3.53
Varhaug,75,NO,1582528417,93,58.61,5.65,39.99,4.7
Provideniya,32,RU,1582528419,63,64.38,-173.3,-3.96,2.57
Jalesar,0,IN,1582528420,45,27.48,78.32,76.21,6.11
Zyukayka,100,RU,1582528421,91,58.2,54.7,24.13,14.88
Ardesen,0,TR,1582528423,62,41.19,40.99,51.8,24.16
Ostrovnoy,100,RU,1582528424,91,68.05,39.51,22.3,5.86
Pano Polemidia,40,CY,1582528426,87,34.7,33.0,55.0,5.82
Louangphabang,0,LA,1582528427,37,19.89,102.13,84.2,2.24
Bakal,97,RU,1582528428,84,54.94,58.81,21.6,5.53
Salalah,6,OM,1582528430,61,17.02,54.09,78.8,4.7
Marsh Harbour,0,BS,1582528431,59,26.54,-77.06,68.13,15.03
Kahului,40,US,1582528433,69,20.89,-156.47,75.2,9.17
Krasnosel'kup,100,RU,1582528434,90,65.7,82.47,25.68,21.9
Brae,20,GB,1582528436,74,60.4,-1.35,35.6,5.82
Meulaboh,61,ID,1582528437,70,4.14,96.13,82.81,6.49
Kodinsk,71,RU,1582528439,88,58.69,99.18,22.24,6.4
Norman Wells,75,CA,1582528440,84,65.28,-126.83,1.4,6.93
Vuktyl,100,RU,1582528441,90,63.86,57.31,25.61,16.6
Bathsheba,75,BB,1582528443,83,13.22,-59.52,78.8,14.99
Murgab,0,TM,1582528444,62,37.5,61.97,55.4,4.7
Saurimo,100,AO,1582528446,92,-9.66,20.39,67.71,6.51
Mendi,100,PG,1582528447,94,-6.18,143.65,61.95,1.97
Grindavik,75,IS,1582528449,66,63.84,-22.43,32.0,11.41
Guiyang,20,CN,1582528450,49,26.58,106.72,71.6,20.13
Payo,67,ID,1582528452,62,-3.75,103.64,81.14,4.23
Cidreira,19,BR,1582528407,75,-30.18,-50.21,72.12,24.27
Perni,20,GR,1582528454,86,41.0,24.64,48.0,4.85
Xinyu,33,CN,1582528456,54,27.8,114.93,76.55,13.8
Miandrivazo,92,MG,1582528457,74,-19.52,45.47,81.7,1.68
Ribeira Grande,90,PT,1582528393,84,38.52,-28.7,55.4,8.21
Pahrump,1,US,1582528460,65,36.21,-115.98,52.0,6.93
Weihe,0,CN,1582528461,31,33.0,105.32,59.77,4.23
Hong Kong,20,HK,1582528283,57,22.29,114.16,79.0,16.11
Faya,20,SA,1582528464,48,18.39,42.45,68.0,9.17
Carutapera,52,BR,1582528466,81,-1.2,-46.02,81.79,11.14
Sechura,90,PE,1582528467,80,-5.56,-80.82,75.6,6.13
Waingapu,100,ID,1582528423,76,-9.66,120.26,84.36,18.01
Isangel,40,VU,1582528470,66,-19.55,169.27,84.2,9.17
Los Llanos de Aridane,34,ES,1582528357,56,28.66,-17.92,70.0,1.12
Oddur,38,SO,1582528473,52,4.12,43.89,77.52,19.24
Mwene-Ditu,98,CD,1582528474,96,-7.0,23.45,67.82,4.29
Dickinson,90,US,1582528262,93,29.46,-95.05,66.2,4.7
Kavaratti,84,IN,1582528477,69,10.57,72.64,82.63,6.46
Maravilha,28,BR,1582528478,97,-26.76,-53.17,63.0,2.77
Shubarshi,98,KZ,1582528480,95,48.59,57.19,26.76,15.21
Gimbi,9,ET,1582528481,23,9.17,35.83,79.29,1.21
Paamiut,99,GL,1582528483,93,61.99,-49.67,13.62,21.14
Khatanga,100,RU,1582528484,89,71.97,102.5,20.1,18.43
Tuktoyaktuk,75,CA,1582528485,83,69.45,-133.04,-9.4,10.29
Karpogory,100,RU,1582528383,93,64.0,44.45,30.83,11.27
Udachny,26,RU,1582528488,85,66.42,112.4,14.0,6.71
Auki,0,SB,1582528367,71,-8.77,160.7,85.15,6.51
Versailles,90,FR,1582528491,93,48.8,2.13,52.0,17.22
Uyuni,78,BO,1582528493,68,-20.46,-66.83,53.89,2.71
Fortuna,20,US,1582528494,87,40.6,-124.16,46.0,3.36
Sidrolandia,40,BR,1582528495,94,-20.93,-54.96,73.4,8.05
Bengkulu,7,ID,1582528497,48,-3.8,102.27,92.75,3.11
Rawson,49,AR,1582528498,83,-43.3,-65.1,61.09,19.1
Mitzic,88,GA,1582528500,97,0.78,11.55,70.68,2.62
Canroma,12,PH,1582528501,46,10.36,122.88,88.63,9.84
Saldanha,0,ZA,1582528301,50,-33.01,17.94,78.8,3.36
Vetluga,94,RU,1582528504,89,57.86,45.78,32.11,8.99
Kungurtug,100,RU,1582528506,84,50.6,97.52,18.25,3.2
Omboue,99,GA,1582528507,95,-1.57,9.26,75.18,0.89
Kota Kinabalu,20,MY,1582528509,70,5.97,116.07,86.0,9.17
Makakilo City,1,US,1582528341,73,21.35,-158.09,75.2,4.7
Vestmanna,71,FO,1582528511,75,62.16,-7.17,37.4,9.17
Vestmannaeyjar,40,IS,1582528513,64,63.44,-20.27,35.6,20.8
Buraidah,40,SA,1582528514,69,26.33,43.98,73.4,13.87
Shimoda,20,JP,1582528383,50,34.67,138.95,55.4,9.17
Takoradze,32,GH,1582528437,94,4.88,-1.76,77.11,2.44
Saint-Pierre,25,RE,1582528518,66,-21.34,55.48,84.2,6.93
Bandarbeyla,98,SO,1582528520,71,9.49,50.81,78.06,15.9
Kropotkin,100,RU,1582528521,76,45.44,40.58,41.29,11.05
Taltal,15,CL,1582528412,91,-25.4,-70.48,59.65,2.84
Belfast,100,GB,1582528524,100,54.58,-5.93,37.0,5.82
Flin Flon,100,CA,1582528420,97,54.77,-101.86,20.77,4.43
Hervey Bay,90,AU,1582528527,88,-25.3,152.85,75.99,14.99
Dongzhen,17,CN,1582528529,71,22.38,110.94,80.01,11.48
Lavrentiya,0,RU,1582528530,75,65.58,-171.0,-9.27,3.36
Finschhafen,32,PG,1582528531,79,-6.6,147.87,83.43,12.46
Kununurra,84,AU,1582528533,19,-15.77,128.73,104.0,9.17
Hofn,100,IS,1582528414,80,64.25,-15.21,38.98,28.99
Okhotsk,69,RU,1582528536,79,59.38,143.3,-2.16,5.3
Umba,100,RU,1582528538,89,66.69,34.34,25.0,10.09
Kralendijk,60,BQ,1582528539,78,12.15,-68.27,77.0,5.82
Keskin,17,TR,1582528451,76,39.67,33.61,39.99,1.01
Richards Bay,98,ZA,1582528411,66,-28.78,32.04,73.18,11.95
Loandjili,20,CG,1582528245,94,-4.76,11.86,78.8,2.24
Khandyga,100,RU,1582528545,92,62.67,135.6,0.39,2.82
Katsuura,20,JP,1582528380,47,35.13,140.3,60.01,11.41
Ahipara,0,NZ,1582528548,71,-35.17,173.17,72.0,19.01
Moose Factory,90,CA,1582528550,92,51.26,-80.61,21.2,8.05
Nouakchott,100,MR,1582528308,60,18.09,-15.98,73.4,13.87
Redcliffe,75,AU,1582528553,83,-27.23,153.1,80.6,3.36
Tabora,75,TZ,1582528555,88,-5.02,32.8,73.4,3.62
Zyryanka,97,RU,1582528556,94,65.75,150.85,-8.37,2.26
Tanabe,1,JP,1582528558,44,33.73,135.37,57.2,11.41
Outlook,73,CA,1582528559,73,51.5,-107.05,21.99,5.99
Shiyan,75,CN,1582528560,42,32.65,110.78,66.09,4.05
Mittagong,0,AU,1582528562,54,-34.45,150.45,82.0,13.87
Bambanglipuro,33,ID,1582528563,65,-7.95,110.28,87.37,5.75
Kluczbork,93,PL,1582528565,79,50.97,18.22,38.05,19.08
Pemangkat,35,ID,1582528566,75,1.17,108.97,84.88,13.38
Vostok,100,RU,1582528567,89,46.49,135.88,22.15,4.79
Owando,100,CG,1582528569,91,-0.48,15.9,75.11,2.71
Carnarvon,0,AU,1582528570,54,-24.87,113.63,84.2,13.87
Saint-Augustin,66,CA,1582528572,82,51.23,-58.65,9.59,6.04
Yar-Sale,100,RU,1582528438,86,66.83,70.83,27.91,26.55
Coquimbo,90,CL,1582528575,82,-29.95,-71.34,60.8,3.36
Nishihara,20,JP,1582528577,60,26.18,127.76,73.0,10.29
Caravelas,34,BR,1582528578,83,-17.71,-39.25,79.77,9.51
Winnemucca,90,US,1582528580,35,40.97,-117.74,39.2,5.82
Smithers,100,CA,1582528581,79,54.78,-127.17,28.4,3.36
Bulgan,100,MN,1582528583,82,48.81,103.53,14.79,6.24
Pisco,90,PE,1582528584,83,-13.7,-76.22,75.2,6.93
Kerema,100,PG,1582528586,54,-7.96,145.78,89.08,5.95
Rafai,9,CF,1582528587,20,4.95,23.92,73.38,3.2
Vologda,100,RU,1582528589,96,59.22,39.89,32.5,10.38
Gamba,98,GA,1582528590,91,-2.65,10.0,77.29,4.7
Placido de Castro,83,BR,1582528592,83,-10.34,-67.19,68.63,2.08
Iaciara,68,BR,1582528593,88,-14.1,-46.63,71.31,2.42
San Jose,20,US,1582528558,87,37.34,-121.89,52.0,1.41
Varadero,20,CU,1582528361,82,23.15,-81.25,64.4,5.82
Eyl,100,SO,1582528597,71,7.98,49.82,78.82,21.18
Golyshmanovo,68,RU,1582528599,93,56.4,68.37,15.66,9.64
Trebinje,28,BA,1582528477,66,42.71,18.34,50.0,4.7
Sola,75,VU,1582528601,84,-13.88,167.55,86.0,5.82
Praia,75,CV,1582528603,77,14.92,-23.51,68.0,11.41
Porto Walter,62,BR,1582528604,92,-8.27,-72.74,70.11,0.49
Amazar,14,RU,1582528393,70,53.86,120.88,22.26,4.07
Parana,0,AR,1582528608,80,-31.73,-60.52,68.0,1.99
Saint Anthony,1,US,1582528387,79,45.02,-93.22,28.99,4.7
Saint George,1,US,1582528318,70,37.1,-113.58,46.4,3.36
Terrace Bay,93,CA,1582528612,93,48.78,-87.1,30.18,7.92
Bilibino,21,RU,1582528613,93,68.05,166.44,-28.1,2.3
Ponta Delgada,20,PT,1582528615,87,37.73,-25.67,51.8,4.7
Lynn Haven,40,US,1582528387,82,30.25,-85.65,57.0,4.7
Moctezuma,89,MX,1582528618,58,29.8,-109.67,50.72,5.77
Nipawin,1,CA,1582528619,78,53.37,-104.0,14.0,4.7
Laas,40,IT,1582528414,86,46.62,10.7,43.0,2.24
Ziro,40,IN,1582528622,54,27.63,93.83,78.8,5.82
Golaghat,33,IN,1582528623,49,26.52,93.97,77.92,5.75
Springhill,90,US,1582528625,93,33.01,-93.47,59.0,4.7
Port Lincoln,0,AU,1582528626,55,-34.73,135.87,75.34,14.92
Pangody,100,RU,1582528628,89,65.85,74.49,26.35,24.11
Casper,1,US,1582528630,58,42.87,-106.31,30.2,14.99
Misratah,35,LY,1582528631,77,32.38,15.09,58.82,16.69
Suntar,100,RU,1582528633,88,62.14,117.63,21.36,10.07
Sawakin,100,SD,1582528634,89,19.11,37.33,71.83,18.05
Tabuk,35,PH,1582528635,58,17.42,121.44,83.68,4.61
Manggar,0,ID,1582528637,79,-2.88,108.27,82.98,14.58
Sale,0,MA,1582528546,87,34.04,-6.82,57.0,8.05
Polonnaruwa,94,LK,1582528640,65,7.93,81.0,85.35,9.86
Neuquen,46,AR,1582528641,37,-38.95,-68.06,68.0,17.22
Barra do Garcas,100,BR,1582528643,96,-15.89,-52.26,71.65,1.32
Maniwaki,44,CA,1582528644,87,46.38,-75.97,28.02,8.43
Mirny,75,RU,1582528645,79,62.54,113.96,23.0,13.42
Madison,90,US,1582528647,75,34.73,-86.57,48.0,3.36
Dudinka,75,RU,1582528372,92,69.41,86.18,17.6,29.08
Carupano,31,VE,1582528650,98,10.67,-63.26,69.55,2.13
High Level,1,CA,1582528651,84,58.52,-117.14,6.8,6.93
Oranjestad,20,AW,1582528614,69,12.52,-70.03,78.8,8.05
Brodokalmak,75,RU,1582528654,92,55.57,62.08,23.0,17.9
Tuatapere,26,NZ,1582528376,63,-46.13,167.68,64.0,5.99
Huarmey,98,PE,1582528657,67,-10.07,-78.15,74.53,0.09
Chimoio,75,MZ,1582528658,100,-19.12,33.48,66.2,12.24
Loreto,11,MX,1582528660,39,22.27,-101.97,60.03,10.45
Aleksandrovskoye,90,RU,1582528661,93,44.71,43.0,39.2,20.13
Amboasary,75,MG,1582528379,78,-25.03,46.38,82.4,2.24
Chapais,90,CA,1582528393,79,49.78,-74.85,26.6,10.29
Bukachacha,0,RU,1582528666,63,52.98,116.92,19.08,6.93
Sinnamary,99,GF,1582528667,84,5.38,-52.95,78.26,17.18
Cabo San Lucas,20,MX,1582528532,63,22.89,-109.91,64.99,9.17
San Quintin,20,MX,1582528671,88,30.48,-115.95,56.64,11.18
Rapid Valley,90,US,1582528673,74,44.06,-103.15,35.01,12.75
Fereydunkenar,90,IR,1582528675,93,36.69,52.52,50.0,4.7
Springdale,90,US,1582528676,100,36.19,-94.13,48.99,8.05
Albert Lea,1,US,1582528677,92,43.65,-93.37,32.0,3.36
Laguna,1,US,1582528679,87,38.42,-121.42,52.0,1.9
Ajaigarh,40,IN,1582528681,64,24.9,80.27,75.2,3.36
Touros,40,BR,1582528682,94,-5.2,-35.46,77.0,4.7
Emerald,40,AU,1582528683,62,-23.53,148.17,87.8,9.17
Townsville,75,AU,1582528685,88,-19.25,146.8,82.4,10.29
Amga,100,RU,1582528686,90,60.9,131.96,5.43,4.41
Bardiyah,9,LY,1582528447,70,31.76,25.09,56.08,18.3
Alice Springs,43,AU,1582528489,17,-23.7,133.88,95.0,18.34
Zhangye,2,CN,1582528690,22,38.93,100.45,45.34,2.51
Paka,40,MY,1582528692,74,4.64,103.44,84.2,10.29
Necochea,0,AR,1582528693,80,-38.55,-58.74,61.0,13.0
Beringovskiy,76,RU,1582528695,97,63.05,179.32,-4.81,8.79
Tharad,0,IN,1582528696,24,24.4,71.63,83.71,5.21
Mount Isa,100,AU,1582528410,94,-20.73,139.5,80.6,8.05
Sampit,28,ID,1582528699,68,-2.53,112.95,90.88,1.45
Ilulissat,100,GL,1582528700,65,69.22,-51.1,5.0,6.93
Jacobina,79,BR,1582528702,95,-11.18,-40.52,69.1,3.91
Usogorsk,100,RU,1582528703,93,63.41,48.69,28.6,11.77
Vanavara,100,RU,1582528705,88,60.34,102.28,19.8,10.25
Ust'-Kulom,100,RU,1582528706,93,61.69,53.69,25.09,13.0
Kampot,0,KH,1582528708,52,10.62,104.18,89.6,12.75
Orbetello,90,IT,1582528709,100,42.44,11.22,48.2,13.87
Druzhnaya Gorka,90,RU,1582528711,93,59.28,30.14,35.6,11.18
Nuuk,100,GL,1582528712,61,64.18,-51.72,14.0,11.41
Tabatinga,75,BR,1582528714,100,-4.25,-69.94,75.2,1.43
Toamasina,20,MG,1582528715,74,-18.17,49.38,87.8,8.05
Quepos,51,CR,1582528717,68,9.42,-84.17,68.0,16.11
Vakhrushev,30,RU,1582528718,90,48.98,142.97,14.18,4.21
Lianyuan,13,CN,1582528720,59,27.69,111.66,71.8,8.05
Ancud,90,CL,1582528721,93,-41.87,-73.82,46.4,5.39
Iberia,40,US,1582528722,93,29.95,-91.75,59.0,13.87
Tongren,60,CN,1582528724,60,27.72,109.19,68.85,9.89
Benghazi,22,LY,1582528726,66,32.12,20.07,57.04,13.38
Sfantu Gheorghe,93,RO,1582528727,84,45.87,25.78,39.0,4.0
Colac,78,AU,1582528728,92,-38.33,143.58,69.01,1.99
Hounde,31,BF,1582528730,13,11.5,-3.52,75.29,7.11
Najran,12,SA,1582528731,40,17.49,44.13,69.8,6.38
Heishan,100,CN,1582528733,35,41.69,122.11,42.22,12.86
Arman,16,RU,1582528734,90,59.7,150.17,0.97,5.26
Thinadhoo,63,MV,1582528736,79,0.53,72.93,83.32,14.99
Sangar,100,RU,1582528737,93,63.92,127.47,-6.27,3.27
Maracas,100,BR,1582528739,94,-13.44,-40.43,69.03,8.97
Teya,22,RU,1582528741,78,60.38,92.63,16.48,5.28
Sidi Ali,0,DZ,1582528742,70,36.1,0.42,50.32,3.69
Goderich,0,CA,1582528534,74,43.75,-81.72,39.99,10.96
Egvekinot,0,RU,1582528746,94,66.32,-179.17,-27.24,2.42
Labuhan,8,ID,1582528747,76,-6.88,112.21,85.53,5.23
Vardo,40,NO,1582528749,80,70.37,31.11,35.6,13.87
Mayo,1,US,1582528750,81,38.89,-76.51,42.8,4.7
Santiago de Cao,75,PE,1582528752,88,-7.96,-79.24,73.4,5.82
Gdov,43,RU,1582528753,83,58.74,27.81,32.86,11.41
Grinnell,1,US,1582528675,80,41.74,-92.72,37.4,8.05
Hvolsvollur,40,IS,1582528756,68,63.75,-20.22,35.6,20.8
San Patricio,0,MX,1582528757,81,19.22,-104.7,75.76,9.4
Safi,67,MA,1582528759,60,32.3,-9.24,57.0,2.68
Anadyr,58,RU,1582528760,75,64.75,177.48,-14.8,2.24
Okato,23,NZ,1582528761,66,-39.2,173.88,64.0,8.99
Zanjan,99,IR,1582528763,53,36.67,48.48,50.0,4.7
Neryungri,99,RU,1582528764,83,56.67,124.65,9.88,16.75
Kaduna,0,NG,1582528766,18,10.52,7.44,69.24,14.41
Toledo,0,ES,1582528767,51,39.83,-4.0,45.0,2.55
El Seibo,63,DO,1582528768,88,18.76,-69.04,72.21,13.94
Taft,96,IR,1582528770,18,31.75,54.21,64.4,9.17
Sal Rei,40,CV,1582528771,88,16.18,-22.92,66.2,3.36
Jacareacanga,88,BR,1582528773,96,-6.22,-57.75,69.48,1.05
Sorong,97,ID,1582528774,56,-0.88,131.25,90.1,5.19
Zeya,2,RU,1582528775,73,53.75,127.27,23.09,7.07
Dawei,33,MM,1582528777,63,14.08,98.2,81.84,13.71
San Juan,0,AR,1582528672,43,-31.54,-68.54,72.0,5.5
Muana,34,BR,1582528780,91,-1.53,-49.22,77.09,5.64
Tautira,40,PF,1582528545,78,-17.73,-149.15,80.6,3.36
Pochutla,0,MX,1582528783,76,15.74,-96.47,81.99,16.08
Soavinandriana,96,MG,1582528784,84,-19.17,46.73,74.34,3.42
Uromi,6,NG,1582528785,97,6.7,6.33,74.86,2.19
Hambantota,75,LK,1582528787,70,6.12,81.12,87.8,13.87
Palmdale,1,US,1582528757,75,34.58,-118.12,53.6,5.82
Jeremie,43,HT,1582528790,91,18.65,-74.12,68.32,5.99
Isla Vista,1,US,1582528643,87,34.41,-119.86,53.01,3.36
Lagos,20,NG,1582528783,94,6.58,3.75,82.4,11.41
Sao Gabriel da Cachoeira,100,BR,1582528794,94,-0.13,-67.09,75.7,0.81
Bud,40,US,1582528796,74,39.45,-86.18,45.0,6.93
Alexandria,40,EG,1582528645,93,31.22,29.96,48.2,2.24
Bilma,58,NE,1582528798,42,18.69,12.92,52.18,11.7
Flinders,0,AU,1582528800,54,-34.58,150.86,82.0,13.87
Middle Island,75,US,1582528801,86,40.88,-72.94,43.0,4.7
Chara,99,RU,1582528803,71,56.91,118.26,14.16,7.02
Kishtwar,32,IN,1582528804,57,33.32,75.77,25.92,5.23
Seredka,25,RU,1582528805,86,58.16,28.19,35.6,11.18
Victor Harbor,0,AU,1582528807,53,-35.57,138.62,79.0,16.11
Shasta Lake,1,US,1582528808,81,40.68,-122.37,44.6,4.61
Avera,90,US,1582528810,76,33.19,-82.53,52.0,3.49
Weirton,1,US,1582528811,38,40.42,-80.59,42.8,9.17
Qeshm,50,IR,1582528813,48,26.96,56.27,82.4,4.7
Carrickfergus,100,GB,1582528814,100,54.72,-5.81,37.0,5.82
Sakhipur,40,BD,1582528536,54,24.3,90.18,84.2,8.05
Syasstroy,98,RU,1582528817,93,60.14,32.57,33.76,8.1
Sao Paulo de Olivenca,100,BR,1582528818,97,-3.38,-68.87,73.11,1.77
Klaksvik,80,FO,1582528820,80,62.23,-6.59,35.6,10.29
Gunjur,100,GM,1582528821,78,13.2,-16.73,73.4,15.14
West Bay,0,KY,1582528823,80,19.37,-81.42,75.99,4.0
Edelira,0,PY,1582528824,65,-26.75,-55.27,63.59,1.66
Bracciano,40,IT,1582528659,93,42.1,12.18,53.01,6.93
Martaban,16,MM,1582528827,35,16.53,97.61,89.28,9.08
Huixtla,5,MX,1582528829,94,15.15,-92.47,73.4,2.06
Kushmurun,78,KZ,1582528830,93,52.45,64.63,13.42,10.04
Goulburn,50,AU,1582528832,34,-34.75,149.72,84.0,5.55
Marquard,33,ZA,1582528833,70,-28.66,27.43,57.9,8.72
Russell,90,US,1582528834,76,32.35,-85.2,52.0,3.33
Tres Arroyos,0,AR,1582528836,32,-38.37,-60.28,69.03,19.15
Mahibadhoo,39,MV,1582528837,76,3.78,72.97,83.03,15.61
Mountain Home,1,US,1582528620,51,43.13,-115.69,36.0,16.11
Vila Velha,75,BR,1582528840,73,-20.33,-40.29,77.0,5.82
Suslovo,0,RU,1582528841,90,56.22,88.12,19.26,5.55
Stromness,20,GB,1582528843,86,58.97,-3.3,35.6,1.12
Gimli,46,CA,1582528844,87,50.63,-96.99,19.0,7.36
Mecca,39,SA,1582528568,59,21.43,39.83,71.92,0.51
Manzhouli,0,CN,1582528848,77,49.6,117.43,16.88,5.79
Qiyang,9,CN,1582528849,47,26.59,111.85,77.77,15.99
Sinjar,16,IQ,1582528656,70,36.32,41.88,52.74,1.52
Lubao,75,PH,1582528852,55,14.92,120.55,87.8,11.41
Bam,13,IR,1582528854,19,29.11,58.36,70.29,3.85
Kaoma,100,ZM,1582528855,94,-14.78,24.8,67.89,2.15
Celestun,0,MX,1582528857,83,20.87,-90.4,73.58,16.4
Betare Oya,16,CM,1582528858,26,5.6,14.08,63.93,2.01
Inirida,61,CO,1582528860,93,3.87,-67.92,74.7,1.3
Lensk,100,RU,1582528861,90,60.73,114.93,18.77,14.25
Moroni,20,KM,1582528863,74,-11.7,43.26,87.8,9.17
Harper,100,LR,1582528864,95,4.38,-7.72,78.01,3.02
Hit,100,IQ,1582528866,60,33.64,42.83,61.03,11.25
Bata,51,GQ,1582528867,93,1.86,9.77,75.31,2.46
Middelkerke,75,BE,1582528869,93,51.16,2.84,44.01,16.11
La Ronge,20,CA,1582528870,79,55.1,-105.28,23.0,6.93
Kalianget,25,ID,1582528871,75,-7.05,113.93,84.43,4.65
Boyolangu,35,ID,1582528873,68,-8.12,111.89,87.31,6.49
Irtyshskiy,87,RU,1582528875,92,58.33,68.13,19.92,9.91
Biak,75,ID,1582528876,77,-0.91,122.88,84.22,16.04
Kamenka,87,RU,1582528877,98,51.32,42.77,35.01,5.99
Marzuq,27,YE,1582528879,8,14.4,46.47,76.1,2.86
Rujewa,100,TZ,1582528880,91,-8.7,34.38,71.38,0.87
Los Algarrobos,20,PA,1582528882,49,8.5,-82.43,70.05,5.32
Sindor,100,RU,1582528883,91,62.86,51.89,26.6,13.51
Adrar,100,MR,1582528885,12,20.5,-10.07,74.61,15.75
Baft,38,IR,1582528886,27,29.23,56.61,52.11,2.75
Yumen,6,CN,1582528887,19,40.28,97.2,47.05,6.2
Kieta,13,PG,1582528889,66,-6.22,155.63,85.77,2.26
Otradnoye,90,RU,1582528890,94,59.78,30.82,35.01,11.18
Sotouboua,0,TG,1582528892,25,8.57,0.98,68.27,3.2
Pangnirtung,100,CA,1582528893,97,66.15,-65.71,-31.99,0.81
Gizo,47,SB,1582528895,80,-8.1,156.84,81.34,4.41
Alofi,100,NU,1582528896,94,-19.06,-169.92,78.8,4.7
Sisimiut,64,GL,1582528898,90,66.94,-53.67,-7.28,3.98
Asau,40,RO,1582528899,87,46.43,26.4,50.0,1.12
Pargas,0,FI,1582528900,59,60.3,22.3,35.01,12.75
Sakata,75,JP,1582528902,87,38.92,139.85,46.4,26.4
Nemuro,40,JP,1582528903,58,43.32,145.57,26.6,3.36
Mitsamiouli,20,KM,1582528905,74,-11.38,43.28,87.8,9.17
Fare,24,PF,1582528644,73,-16.7,-151.02,83.07,10.65
Viet Tri,20,VN,1582528864,53,21.3,105.43,77.0,8.05
Rio Gallegos,85,AR,1582528909,62,-51.62,-69.22,44.6,20.8
Soe,79,ID,1582528910,78,-9.86,124.28,80.73,1.07
Hukuntsi,95,BW,1582528912,78,-24.0,21.75,68.95,12.26
Madang,100,PG,1582528913,75,-5.22,145.8,82.47,7.11
San-Pedro,96,CI,1582528915,88,4.75,-6.64,82.71,10.16
